Average train loss,Average validation loss,Average validation accuracy
1.2187419331772253,22.35399293899536,0.12833333333333335
0.7767305920243961,5.488630950450897,0.885
0.6297008486628086,2.199825592339039,0.9366666666666668
0.5771605475530789,1.9481635987758636,0.95
0.5755477415268616,2.0845289677381516,0.95
