Average train loss,Average validation loss,Average validation accuracy
0.611737309999764,0.14363790854811667,0.9544
0.29367364820465447,0.09784823639784009,0.9613
0.24467035339400173,0.08611106172204018,0.9650666666666666
0.21651346963085233,0.07422550067480188,0.9682
0.19969072189740836,0.06596114107756876,0.97058
